datetime,open,high,low,close,volume
2026-04-23T00:00:00+00:00,4741.380009999999,4756.860009999999,4667.340009999999,4695.920009999999,2653048
2026-04-24T00:00:00+00:00,4695.920009999999,4743.900009999999,4661.170009999999,4710.890009999999,1166312
2026-04-27T00:00:00+00:00,4710.890009999999,4733.310009999999,4670.550009999999,4685.45001,904931
2026-04-28T00:00:00+00:00,4685.45001,4704.810009999999,4558.300009999999,4599.08001,1247665
2026-04-29T00:00:00+00:00,4599.08001,4613.730009999999,4513.45001,4547.730009999999,1301770
2026-04-30T00:00:00+00:00,4547.730009999999,4650.33001,4542.440009999999,4625.20001,2479862
2026-05-01T00:00:00+00:00,4625.20001,4663.810009999999,4563.4900099999995,4616.770009999999,934478
2026-05-04T00:00:00+00:00,4616.770009999999,4632.840009999999,4503.930009999999,4525.300009999999,1275885
2026-05-05T00:00:00+00:00,4525.300009999999,4590.190009999999,4516.62001,4559.980009999999,717135
2026-05-06T00:00:00+00:00,4559.980009999999,4726.5700099999995,4549.430009999999,4694.590009999999,1087733
2026-05-07T00:00:00+00:00,4694.590009999999,4768.260009999999,4688.060009999999,4688.980009999999,1240267
2026-05-08T00:00:00+00:00,4688.980009999999,4752.940009999999,4685.010009999999,4719.41001,1025261
2026-05-11T00:00:00+00:00,4719.41001,4752.04001,4651.12001,4738.7400099999995,907948
2026-05-12T00:00:00+00:00,4738.7400099999995,4777.020009999999,4641.350009999999,4717.7400099999995,1114383
2026-05-13T00:00:00+00:00,4717.7400099999995,4729.7400099999995,4672.920009999999,4691.0300099999995,954891
2026-05-14T00:00:00+00:00,4691.0300099999995,4722.130009999999,4647.720009999999,4653.50001,953100
2026-05-15T00:00:00+00:00,4653.50001,4668.91001,4513.9900099999995,4543.470009999999,1631396
2026-05-18T00:00:00+00:00,4543.470009999999,4587.710009999999,4483.45001,4570.310009999999,1567277
2026-05-19T00:00:00+00:00,4570.310009999999,4592.920009999999,4467.880009999999,4485.58001,1229174
2026-05-20T00:00:00+00:00,4485.58001,4556.610009999999,4456.66001,4546.590009999999,1347494
2026-05-21T00:00:00+00:00,4546.590009999999,4574.180009999999,4491.87001,4546.050009999999,1430932
2026-05-22T00:00:00+00:00,4546.050009999999,4549.12001,4493.850009999999,4507.810009999999,1052467
2026-05-25T00:00:00+00:00,4507.810009999999,4583.720009999999,4507.810009999999,4575.7400099999995,477631
2026-05-26T00:00:00+00:00,4575.7400099999995,4583.920009999999,4485.25001,4510.0700099999995,790279
2026-05-27T00:00:00+00:00,4510.0700099999995,4530.930009999999,4404.670009999999,4458.960009999999,843072
2026-05-28T00:00:00+00:00,4458.960009999999,4519.91001,4369.33001,4498.880009999999,1769104
2026-05-29T00:00:00+00:00,4498.880009999999,4598.800009999999,4492.400009999999,4546.900009999999,849925
2026-06-01T00:00:00+00:00,4546.900009999999,4549.62001,4451.130009999999,4488.010009999999,733353
2026-06-02T00:00:00+00:00,4488.010009999999,4545.130009999999,4466.270009999999,4492.850009999999,602954
2026-06-03T00:00:00+00:00,4492.850009999999,4500.25001,4429.54001,4437.75001,767498
2026-06-04T00:00:00+00:00,4437.75001,4518.91001,4426.960009999999,4478.360009999999,1553444
2026-06-05T00:00:00+00:00,4478.360009999999,4485.020009999999,4315.140009999999,4327.300009999999,1274927
2026-06-08T00:00:00+00:00,4327.300009999999,4356.83001,4271.430009999999,4332.880009999999,1253072
2026-06-09T00:00:00+00:00,4332.880009999999,4367.04001,4239.650009999999,4263.800009999999,1379453
2026-06-10T00:00:00+00:00,4263.800009999999,4263.800009999999,4070.5100099999995,4074.7900099999993,1685008
2026-06-11T00:00:00+00:00,4074.7900099999993,4223.610009999999,4026.970009999999,4215.760009999999,3654014
2026-06-12T00:00:00+00:00,4215.760009999999,4249.970009999999,4173.610009999999,4216.91001,1301327
2026-06-15T00:00:00+00:00,4216.91001,4372.960009999999,4216.91001,4312.710009999999,825268
2026-06-16T00:00:00+00:00,4312.710009999999,4358.33001,4309.190009999999,4334.470009999999,746718
2026-06-17T00:00:00+00:00,4334.470009999999,4385.960009999999,4222.180009999999,4260.300009999999,1097253
2026-06-18T00:00:00+00:00,4260.300009999999,4333.380009999999,4204.58001,4212.560009999999,2178802
2026-06-19T00:00:00+00:00,4212.560009999999,4215.380009999999,4125.100009999999,4164.54001,599232
2026-06-22T00:00:00+00:00,4164.54001,4224.390009999999,4139.600009999999,4193.980009999999,970728
2026-06-23T00:00:00+00:00,4193.980009999999,4201.860009999999,4094.1100099999994,4114.66001,1031576
2026-06-24T00:00:00+00:00,4114.66001,4118.45001,3962.3400099999994,4002.0200099999993,1563600
2026-06-25T00:00:00+00:00,4002.0200099999993,4047.5000099999993,3969.7100099999993,4029.6500099999994,2443406
2026-06-26T00:00:00+00:00,4029.6500099999994,4099.460009999999,3986.5100099999995,4073.890009999999,1054567
2026-06-29T00:00:00+00:00,4073.890009999999,4089.4900099999995,4003.430009999999,4018.890009999999,931596
2026-06-30T00:00:00+00:00,4018.890009999999,4066.7400099999995,3945.2300099999993,4011.1300099999994,989150
2026-07-01T00:00:00+00:00,4011.1300099999994,4119.420009999999,3963.3800099999994,4034.2400099999995,929188
2026-07-02T00:00:00+00:00,4034.2400099999995,4147.4900099999995,4034.1500099999994,4125.340009999999,2194322
2026-07-03T00:00:00+00:00,4125.340009999999,4198.900009999999,4124.440009999999,4177.920009999999,528717
2026-07-06T00:00:00+00:00,4177.920009999999,4206.560009999999,4131.810009999999,4167.800009999999,788595
2026-07-07T00:00:00+00:00,4167.800009999999,4183.9900099999995,4095.7300099999993,4109.110009999999,904560
2026-07-08T00:00:00+00:00,4109.110009999999,4137.4900099999995,4024.910009999999,4078.7500099999993,1496590
2026-07-09T00:00:00+00:00,4078.7500099999993,4141.5300099999995,4057.6900099999993,4126.83001,1586202
2026-07-10T00:00:00+00:00,4126.83001,4138.310009999999,4075.8200099999995,4114.9900099999995,678875
2026-07-13T00:00:00+00:00,4114.9900099999995,4114.9900099999995,3989.870009999999,4004.970009999999,1174409
2026-07-14T00:00:00+00:00,4004.970009999999,4107.0700099999995,3986.5900099999994,4055.470009999999,1046579
2026-07-15T00:00:00+00:00,4055.470009999999,4084.9200099999994,4020.7500099999993,4063.3000099999995,889612
2026-07-16T00:00:00+00:00,4063.3000099999995,4068.720009999999,3972.5900099999994,3979.2500099999993,2039064
2026-07-17T00:00:00+00:00,3979.2500099999993,4027.3100099999992,3962.970009999999,4016.7800099999995,1160440
2026-07-20T00:00:00+00:00,4016.7800099999995,4044.3400099999994,3985.6900099999993,4011.1300099999994,923287
2026-07-21T00:00:00+00:00,4011.1300099999994,4090.8000099999995,4003.0700099999995,4080.910009999999,744753
2026-07-22T00:00:00+00:00,4080.910009999999,4169.45001,4079.930009999999,4133.3200099999995,858886
2026-07-23T00:00:00+00:00,4133.3200099999995,4144.560009999999,4043.5200099999993,4052.3400099999994,985949
2026-07-24T00:00:00+00:00,4052.3400099999994,4085.4400099999993,4025.1900099999993,4058.9000099999994,718151
2026-07-27T00:00:00+00:00,4058.9000099999994,4119.810009999999,4058.9000099999994,4080.1300099999994,766527
2026-07-28T00:00:00+00:00,4080.1300099999994,4084.9200099999994,4014.870009999999,4031.7600099999995,830821
2026-07-29T00:00:00+00:00,4031.7600099999995,4119.940009999999,3999.3100099999992,4071.3000099999995,1161323
2026-07-30T00:00:00+00:00,4071.3000099999995,4123.480009999999,4031.600009999999,4106.400009999999,1120890
2026-07-31T00:00:00+00:00,4106.400009999999,4115.2400099999995,4075.410009999999,4078.2500099999993,210133
